-- insert into actor value(
-- '01', 'John', 'Travolta', 'M');
-- insert into actor value(
-- '02', 'Angelina', 'Jolie', 'F');
-- insert into actor value(
-- '03', 'Nicolas', 'cage', 'M');
-- insert into actor value(
-- '04', 'John', 'Paul', 'M');


-- insert into director value(
-- '01', 'Steven', 'Speilberg');
-- insert into director value(
-- '02', 'Mark', 'Noble');
-- insert into director value(
-- '03', 'Frank', 'Gate');
-- insert into director value(
-- '04', 'Elon', 'Tosh');


-- insert into director_has_movie value(
-- '01', '01');
-- insert into director_has_movie value(
-- '02', '02');
-- insert into director_has_movie value(
-- '03', '03');
-- insert into director_has_movie value(
-- '04', '04');        						


-- insert into genre value(
-- '01', 'Action');
-- insert into genre value(
-- '02', 'Horror');
-- insert into genre value(
-- '03', 'Sci-Fi');
-- insert into genre value(
-- '04', 'Romance');


-- insert into movie values(
-- '01','Into The Badland', '1997', '2', 'English', '1997-12-10', 'GB');
-- insert into movie values(
-- '02','American Beauty', '1998', '3', 'English', '1998-12-10', 'USA');
-- insert into movie values(
-- '03','Artemis Fowl', '1999', '2', 'English', '1999-12-10', 'USA');
-- insert into movie values(
-- '04','Three Idiots', '2000', '3', 'English', '2000-12-10', 'IND');


-- insert into movie_cast values(
-- '01', '01', 'Eyes Wide Shut');
-- insert into movie_cast values(
-- '02', '02', 'Guardian');
-- insert into movie_cast values(
-- '03', '03', 'Truck Driver');
-- insert into movie_cast values(
-- '04', '04', 'Assassin');


-- insert into movie_genre values(
-- '01', '01');
-- insert into movie_genre values(
-- '02', '02');
-- insert into movie_genre values(
-- '03', '03');
-- insert into movie_genre values(
-- '04', '04');


-- insert into rating values(
-- '01', '7', '10', '01', '1');
-- insert into rating values(
-- '02', '6','20', '02', '2');
-- insert into rating values(
-- '03', '8', '30', '03', '3');
-- insert into rating values(
-- '04', '7','10', '01', '4'); 


-- insert into reviewer values(
-- '01', 'Mohammed Salah');
-- insert into reviewer values(
-- '02', 'Harry Kane');
-- insert into reviewer values(
-- '03', 'Jamie Vardy');
-- insert into reviewer values(
-- '04', 'Kun Aguero');

